2025-03-14 11:21:01,82821
[2025-03-14 11:21:01] ✅ Prix récupéré : 82821
2025-03-14 11:22:01,82829
[2025-03-14 11:22:01] ✅ Prix récupéré : 82829
2025-03-14 11:23:01,82828
[2025-03-14 11:23:01] ✅ Prix récupéré : 82828
2025-03-14 11:24:01,82832
[2025-03-14 11:24:01] ✅ Prix récupéré : 82832
2025-03-14 11:25:02,82846
[2025-03-14 11:25:02] ✅ Prix récupéré : 82846
2025-03-14 11:25:02,82846
2025-03-14 11:26:01,82922
[2025-03-14 11:26:01] ✅ Prix récupéré : 82922
2025-03-14 11:27:01,82935
[2025-03-14 11:27:01] ✅ Prix récupéré : 82935
2025-03-14 11:28:01,82966
[2025-03-14 11:28:01] ✅ Prix récupéré : 82966
2025-03-14 11:29:01,83003
[2025-03-14 11:29:01] ✅ Prix récupéré : 83003
2025-03-14 11:30:01,82998
[2025-03-14 11:30:01] ✅ Prix récupéré : 82998
2025-03-14 11:30:01,82998
2025-03-14 11:31:01,82988
[2025-03-14 11:31:01] ✅ Prix récupéré : 82988
2025-03-14 11:32:01,82980
[2025-03-14 11:32:01] ✅ Prix récupéré : 82980
2025-03-14 11:33:01,82946
[2025-03-14 11:33:01] ✅ Prix récupéré : 82946
2025-03-14 11:34:01,82922
[2025-03-14 11:34:01] ✅ Prix récupéré : 82922
2025-03-14 11:35:01,82864
2025-03-14 11:35:01,82864
[2025-03-14 11:35:01] ✅ Prix récupéré : 82864
2025-03-14 11:36:01,82876
[2025-03-14 11:36:01] ✅ Prix récupéré : 82876
2025-03-14 11:37:01,82900
[2025-03-14 11:37:01] ✅ Prix récupéré : 82900
2025-03-14 11:38:02,82890
[2025-03-14 11:38:02] ✅ Prix récupéré : 82890
2025-03-14 11:39:01,82890
[2025-03-14 11:39:01] ✅ Prix récupéré : 82890
2025-03-14 11:40:01,82907
[2025-03-14 11:40:01] ✅ Prix récupéré : 82907
2025-03-14 11:40:01,82907
2025-03-14 11:41:01,82928
[2025-03-14 11:41:01] ✅ Prix récupéré : 82928
2025-03-14 11:42:02,82942
[2025-03-14 11:42:02] ✅ Prix récupéré : 82942
2025-03-14 11:43:01,82980
[2025-03-14 11:43:01] ✅ Prix récupéré : 82980
2025-03-14 11:44:01,83008
[2025-03-14 11:44:01] ✅ Prix récupéré : 83008
2025-03-14 11:45:01,83069
2025-03-14 11:45:01,83069
[2025-03-14 11:45:01] ✅ Prix récupéré : 83069
2025-03-14 11:46:02,83062
[2025-03-14 11:46:02] ✅ Prix récupéré : 83062
2025-03-14 11:47:01,83061
[2025-03-14 11:47:01] ✅ Prix récupéré : 83061
2025-03-14 11:48:01,83036
[2025-03-14 11:48:01] ✅ Prix récupéré : 83036
2025-03-14 11:49:01,83056
[2025-03-14 11:49:01] ✅ Prix récupéré : 83056
2025-03-14 11:50:01,83236
2025-03-14 11:50:01,83236
[2025-03-14 11:50:01] ✅ Prix récupéré : 83236
2025-03-14 11:51:01,83250
2025-03-14 11:51:01,83250
[2025-03-14 11:51:01] ✅ Prix récupéré : 83250
2025-03-14 11:52:02,83230
[2025-03-14 11:52:02] ✅ Prix récupéré : 83230
2025-03-14 11:52:02,83230
2025-03-14 11:53:01,83181
[2025-03-14 11:53:01] ✅ Prix récupéré : 83181
2025-03-14 11:53:01,83181
2025-03-14 11:54:01,83221
[2025-03-14 11:54:01] ✅ Prix récupéré : 83221
2025-03-14 11:54:01,83221
2025-03-14 11:55:01,83221
2025-03-14 11:55:01,83221
2025-03-14 11:55:01,83221
[2025-03-14 11:55:01] ✅ Prix récupéré : 83221
2025-03-14 11:56:01,83184
2025-03-14 11:56:02,83184
[2025-03-14 11:56:02] ✅ Prix récupéré : 83184
2025-03-14 11:57:01,83155
2025-03-14 11:57:01,83155
[2025-03-14 11:57:01] ✅ Prix récupéré : 83155
2025-03-14 11:58:01,83137
[2025-03-14 11:58:01] ✅ Prix récupéré : 83137
2025-03-14 11:58:01,83137
2025-03-14 11:59:01,83113
[2025-03-14 11:59:01] ✅ Prix récupéré : 83113
2025-03-14 11:59:01,83113
2025-03-14 12:00:01,83075
2025-03-14 12:00:01,83075
[2025-03-14 12:00:01] ✅ Prix récupéré : 83075
2025-03-14 12:00:02,83075
2025-03-14 12:01:01,83061
[2025-03-14 12:01:01] ✅ Prix récupéré : 83061
2025-03-14 12:01:01,83061
2025-03-14 12:02:01,83043
2025-03-14 12:02:01,83043
[2025-03-14 12:02:01] ✅ Prix récupéré : 83043
2025-03-14 12:03:01,83036
[2025-03-14 12:03:01] ✅ Prix récupéré : 83036
2025-03-14 12:03:01,83036
2025-03-14 12:04:01,83026
[2025-03-14 12:04:01] ✅ Prix récupéré : 83026
2025-03-14 12:04:01,83026
2025-03-14 12:05:01,83012
2025-03-14 12:05:01,83012
[2025-03-14 12:05:01] ✅ Prix récupéré : 83012
2025-03-14 12:05:01,83012
2025-03-14 12:06:01,83025
2025-03-14 12:06:01,83025
[2025-03-14 12:06:01] ✅ Prix récupéré : 83025
2025-03-14 12:07:01,83078
2025-03-14 12:07:01,83078
[2025-03-14 12:07:01] ✅ Prix récupéré : 83078
2025-03-14 12:08:01,83098
2025-03-14 12:08:01,83098
[2025-03-14 12:08:01] ✅ Prix récupéré : 83098
2025-03-14 12:09:01,83145
2025-03-14 12:09:01,83145
[2025-03-14 12:09:01] ✅ Prix récupéré : 83145
2025-03-14 12:10:01,83145
[2025-03-14 12:10:01] ✅ Prix récupéré : 83145
2025-03-14 12:10:01,83145
2025-03-14 12:10:01,83145
2025-03-14 12:11:02,83092
[2025-03-14 12:11:02] ✅ Prix récupéré : 83092
2025-03-14 12:11:02,83092
2025-03-14 12:12:01,83065
[2025-03-14 12:12:01] ✅ Prix récupéré : 83065
2025-03-14 12:12:01,83065
2025-03-14 12:13:01,83081
2025-03-14 12:13:01,83081
[2025-03-14 12:13:01] ✅ Prix récupéré : 83081
2025-03-14 12:14:01,83130
2025-03-14 12:14:01,83130
[2025-03-14 12:14:01] ✅ Prix récupéré : 83130
2025-03-14 12:15:01,83122
2025-03-14 12:15:01,83122
2025-03-14 12:15:01,83122
[2025-03-14 12:15:01] ✅ Prix récupéré : 83122
2025-03-14 12:16:01,83045
2025-03-14 12:16:01,83045
[2025-03-14 12:16:01] ✅ Prix récupéré : 83045
2025-03-14 12:17:01,83026
[2025-03-14 12:17:01] ✅ Prix récupéré : 83026
2025-03-14 12:17:01,83026
2025-03-14 12:18:01,83005
2025-03-14 12:18:01,83005
[2025-03-14 12:18:01] ✅ Prix récupéré : 83005
2025-03-14 12:19:01,83005
2025-03-14 12:19:01,83005
[2025-03-14 12:19:01] ✅ Prix récupéré : 83005
